k,wcss,silhouette,dbi
2,6339.333060953314,0.4777404959540092,0.8767463315136145
3,3511.8688239514995,0.5137147440398799,0.6653949161871323
4,2593.5450900225405,0.45708203708355627,0.6987492232646428
5,2075.2440750895007,0.4795738469799665,0.6695656869961013
6,1744.177103538892,0.39265291584291623,0.7595568496067143
7,1471.813980078781,0.4427666610806191,0.7671912237032429
