,dbi,sil
K-Means++,0.6695656869961013,0.47997232873323425
GMM,1.8666550989342237,0.1795450803914147
BIRCH,0.6740385174085238,0.4363857934757252
